id,type,kz,ru,example_kz,example_ru,category,status,difficulty,source,tags
1,word,жүзеге асыру,реализовать,Жобаны жүзеге асыру керек.,Нужно реализовать проект.,office,learning,3,personal_dictionary,реализация;управление
2,word,тиіс,должен; следует,Жауапты тұлға қатысуы тиіс.,Ответственное лицо должно участвовать.,office,learning,2,personal_dictionary,обязанность
3,word,жауапкершілік,ответственность,Бұл жұмыс үлкен жауапкершілікті талап етеді.,Эта работа требует большой ответственности.,office,learning,2,personal_dictionary,управление
4,word,қарастыру,рассмотреть,Ұсынысты қарастыру керек.,Нужно рассмотреть предложение.,office,learning,2,personal_dictionary,решение
5,word,бастама,инициатива,Бұл бастама маңызды.,Эта инициатива важна.,office,learning,2,personal_dictionary,проект
6,word,қатысу,участвовать,Отырысқа қатысу керек.,Нужно участвовать в заседании.,office,learning,2,personal_dictionary,совещание
7,word,жүктеу,возложить; поручить,Жауапкершілікті бөлімге жүктеу керек.,Нужно возложить ответственность на отдел.,office,learning,3,personal_dictionary,управление
8,word,талап ету,требовать,Бұл жұмыс уақытты талап етеді.,Эта работа требует времени.,office,learning,2,personal_dictionary,требование
9,word,жан-жақты,всесторонне,Мәселені жан-жақты қарастыру керек.,Нужно всесторонне рассмотреть вопрос.,office,learning,2,personal_dictionary,анализ
10,word,қамтамасыз ету,обеспечить,Жоспардың орындалуын қамтамасыз ету керек.,Нужно обеспечить выполнение плана.,office,learning,3,personal_dictionary,управление
11,word,жетілдіру,совершенствовать,Жүйені жетілдіру керек.,Нужно совершенствовать систему.,office,learning,3,personal_dictionary,развитие
12,word,үйлестіру,координировать,Бөлімдердің жұмысын үйлестіру керек.,Нужно координировать работу отделов.,office,learning,3,personal_dictionary,управление
13,word,қадағалау,контролировать,Орындалуын қадағалау керек.,Нужно контролировать выполнение.,office,learning,3,personal_dictionary,контроль
14,word,мерзім,срок,Мерзімді нақтылау керек.,Нужно уточнить срок.,office,learning,2,personal_dictionary,планирование
15,word,белгілеу,назначить; определить,Жауапты тұлғаны белгілеу керек.,Нужно назначить ответственное лицо.,office,learning,2,personal_dictionary,управление
16,word,тиімділік,эффективность,Жұмыс тиімділігін арттыру керек.,Нужно повысить эффективность работы.,office,learning,2,personal_dictionary,результат
17,word,басымдық,приоритет,Бұл бағыт — негізгі басымдық.,Это направление — основной приоритет.,office,learning,2,personal_dictionary,стратегия
18,word,ықпал ету,влиять,Бұл шешім нәтижеге оң ықпал етеді.,Это решение положительно влияет на результат.,office,learning,3,personal_dictionary,влияние
19,word,тұрақты түрде,регулярно; на постоянной основе,Жұмысты тұрақты түрде қадағалау керек.,Нужно регулярно контролировать работу.,office,learning,3,personal_dictionary,наречие
20,word,атқарылған,выполненный,Атқарылған жұмыс туралы ақпарат беріңіз.,Предоставьте информацию о выполненной работе.,office,learning,2,personal_dictionary,отчет
21,word,тұлға,лицо; персона,Жауапты тұлға белгіленді.,Ответственное лицо назначено.,office,learning,2,personal_dictionary,управление
22,word,ескеру,учитывать,Ұсыныстарды ескеру керек.,Нужно учитывать предложения.,office,learning,3,personal_dictionary,анализ
23,word,қорытынды,итог; заключение,Отырыстың қорытындысы дайын.,Итоги заседания готовы.,office,learning,2,personal_dictionary,совещание
24,word,бағыт,направление,Бұл бағыт маңызды.,Это направление важно.,office,learning,2,personal_dictionary,стратегия
25,word,тәсіл,подход; способ,Жаңа тәсілді қолдану керек.,Нужно применить новый подход.,office,learning,3,personal_dictionary,метод
26,word,талдау,анализировать; анализ,Деректерді талдау керек.,Нужно анализировать данные.,office,learning,2,personal_dictionary,аналитика
27,word,келісу,согласовать,Құжатты келісу керек.,Нужно согласовать документ.,office,learning,2,personal_dictionary,документ
28,word,жіберу,отправить,Құжатты уақтылы жіберіңіз.,Отправьте документ своевременно.,office,learning,2,personal_dictionary,документ
29,word,мақсат,цель,Жобаның мақсатын анықтау керек.,Нужно определить цель проекта.,office,learning,2,personal_dictionary,проект
30,word,міндет,задача; обязанность,Негізгі міндеттерді нақтылау керек.,Нужно уточнить основные задачи.,office,learning,2,personal_dictionary,проект
31,word,нәтиже,результат,Жұмыстың нәтижесін талқылаймыз.,Обсудим результат работы.,office,learning,2,personal_dictionary,результат
32,word,кезең,этап,Жобаның бірінші кезеңі аяқталды.,Первый этап проекта завершен.,office,learning,2,personal_dictionary,проект
33,word,талқылау,обсуждать,Мәселені бірге талқылайық.,Давайте вместе обсудим вопрос.,office,learning,2,personal_dictionary,совещание
34,word,қабылдау,принимать,Шешім қабылдау керек.,Нужно принять решение.,office,learning,2,personal_dictionary,решение
35,word,дайындау,подготовить,Құжаттарды дайындау керек.,Нужно подготовить документы.,office,learning,2,personal_dictionary,документ
36,word,тексеру,проверить,Атқарылған жұмысты тексеру керек.,Нужно проверить выполненную работу.,office,learning,2,personal_dictionary,контроль
37,word,өзгерту,изменить,Жоспарды өзгерту керек.,Нужно изменить план.,office,learning,2,personal_dictionary,планирование
38,word,хабарлау,сообщить; проинформировать,Нәтиже туралы хабарлау керек.,Нужно сообщить о результате.,office,learning,2,personal_dictionary,коммуникация
39,word,уақтылы,своевременно,Ақпаратты уақтылы жіберіңіз.,Отправьте информацию своевременно.,office,learning,2,personal_dictionary,наречие
40,word,бірлесіп,совместно,Ұсыныстарды бірлесіп талқылаймыз.,Совместно обсудим предложения.,office,learning,2,personal_dictionary,наречие
41,word,анықтау,определить; установить,Негізгі мақсатты анықтау керек.,Нужно определить основную цель.,office,learning,2,personal_dictionary,анализ
42,word,жалғастыру,продолжить,Жұмысты жалғастырамыз.,Продолжим работу.,general,learning,2,personal_dictionary,действие
43,word,қадам,шаг,Келесі қадамды анықтайық.,Определим следующий шаг.,office,learning,2,personal_dictionary,планирование
44,word,нақты,конкретный; точный,Нақты мерзімді көрсетіңіз.,Укажите конкретный срок.,office,learning,2,personal_dictionary,уточнение
45,word,қамту,охватывать; включать,Бағдарлама бірнеше бағытты қамтиды.,Программа охватывает несколько направлений.,office,learning,2,personal_dictionary,структура
46,word,деректер,данные,Деректерді өңдеу керек.,Нужно обработать данные.,it_ai,learning,2,personal_dictionary,данные
47,word,жасанды интеллект,искусственный интеллект,Жасанды интеллектіні қолданамыз.,Мы используем искусственный интеллект.,it_ai,learning,2,personal_dictionary,ИИ
48,word,алгоритм,алгоритм,Алгоритмді әзірлеу керек.,Нужно разработать алгоритм.,it_ai,learning,2,personal_dictionary,ИИ
49,word,модель,модель,Модельді оқыту керек.,Нужно обучить модель.,it_ai,learning,2,personal_dictionary,ИИ
50,word,жүйе,система,Ақпараттық жүйені жаңарту керек.,Нужно обновить информационную систему.,it_ai,learning,2,personal_dictionary,ИТ
51,word,бағдарламалық,программный,Бағдарламалық шешім әзірленді.,Разработано программное решение.,it_ai,learning,2,personal_dictionary,ПО
52,word,жасақтама,обеспечение; ПО,Жасақтаманы жаңарту керек.,Нужно обновить программное обеспечение.,it_ai,learning,3,personal_dictionary,ПО
53,word,әзірлеу,разрабатывать,Жаңа жүйені әзірлеу керек.,Нужно разработать новую систему.,it_ai,learning,2,personal_dictionary,разработка
54,word,енгізу,внедрить; ввести,Жүйені оқу үдерісіне енгізу керек.,Нужно внедрить систему в учебный процесс.,it_ai,learning,2,personal_dictionary,внедрение
55,word,өңдеу,обрабатывать,Үлкен көлемдегі деректерді өңдеу керек.,Нужно обрабатывать большие объемы данных.,it_ai,learning,2,personal_dictionary,данные
56,word,қауіпсіздік,безопасность,Ақпараттық қауіпсіздікті қамтамасыз ету керек.,Нужно обеспечить информационную безопасность.,it_ai,learning,2,personal_dictionary,безопасность
57,word,қолдану,использовать; применять,Заманауи тәсілді қолданамыз.,Мы применяем современный подход.,it_ai,learning,2,personal_dictionary,использование
58,word,үдеріс,процесс,Оқу үдерісін жетілдіру керек.,Нужно совершенствовать учебный процесс.,office,learning,3,personal_dictionary,процесс
59,word,көлем,объём,Деректер көлемі артты.,Объем данных увеличился.,it_ai,learning,2,personal_dictionary,данные
60,word,заманауи,современный,Заманауи технологияларды қолданамыз.,Мы используем современные технологии.,it_ai,learning,2,personal_dictionary,технологии
61,word,жаңарту,обновлять,Бағдарламалық жасақтаманы жаңарту керек.,Нужно обновить программное обеспечение.,it_ai,learning,2,personal_dictionary,обновление
62,word,сала,сфера; отрасль,Осы салада тәжірибеміз бар.,У нас есть опыт в этой сфере.,office,learning,2,work_documents,деловая речь
63,word,сарапшы,эксперт,Сарапшылардың пікірін ескеру керек.,Нужно учесть мнение экспертов.,office,learning,2,work_documents,эксперт
64,word,назар,внимание,Бұл мәселеге назар аудару керек.,Нужно обратить внимание на этот вопрос.,office,learning,2,work_documents,деловая речь
65,word,қажеттілік,необходимость; потребность,Қажеттілікті анықтау керек.,Нужно определить потребность.,office,learning,2,work_documents,планирование
66,word,байланысты,в связи с; связанный,Осыған байланысты ақпарат жіберіңіз.,В связи с этим отправьте информацию.,office,learning,2,work_documents,связка
67,word,пайдалану,использовать,Материалды жұмыста пайдалануға болады.,Материал можно использовать в работе.,office,learning,2,work_documents,использование
68,word,хаттамалық,протокольный,Хаттамалық тапсырма берілді.,Дано протокольное поручение.,official,learning,3,work_documents,протокол
69,word,орындалу,исполнение; выполнение,Тапсырманың орындалуы бақыланады.,Выполнение поручения контролируется.,official,learning,2,work_documents,исполнение
70,word,барыс,ход; процесс,Жұмыстың барысы туралы хабарлаңыз.,Сообщите о ходе работы.,official,learning,2,work_documents,отчет
71,word,кезекті,очередной,Кезекті отырыс тамызда өтеді.,Очередное заседание пройдет в августе.,official,learning,2,work_documents,совещание
72,word,жолдау,направить; отправить,Ақпаратты жолдауыңызды сұраймын.,Прошу направить информацию.,official,learning,3,work_documents,деловая переписка
73,word,пысықтау,проработать; детально изучить,Мәселені пысықтау керек.,Нужно проработать вопрос.,official,learning,3,work_documents,управление
74,word,жандандыру,активизировать,Жұмысты жандандыру қажет.,Необходимо активизировать работу.,official,learning,3,work_documents,управление
75,word,қолжетімділік,доступ; доступность,Деректер базасына қолжетімділік ашылды.,Открыт доступ к базе данных.,official,learning,3,work_documents,доступ
76,word,сәйкестік,соответствие,Талаптарға сәйкестігін анықтау керек.,Нужно определить соответствие требованиям.,official,learning,3,work_documents,требования
77,word,ынталандыру,мотивировать; стимулировать,Қызметкерлерді ынталандыру маңызды.,Важно мотивировать сотрудников.,official,learning,3,work_documents,персонал
78,word,сыйлықақы,премия,Сыйлықақы төлеу мәселесі қаралды.,Рассмотрен вопрос выплаты премии.,official,learning,3,work_documents,персонал
79,word,икемді,гибкий,Икемді жұмыс кестесі ұсынылды.,Предложен гибкий график работы.,official,learning,2,work_documents,график
80,word,түзету,корректировка; исправление,Жоспарға түзету енгізілді.,В план внесена корректировка.,official,learning,2,work_documents,план
81,word,өзектендіру,актуализировать; обновить,Сайтты өзектендіру керек.,Нужно актуализировать сайт.,official,learning,3,work_documents,обновление
82,word,сүйемелдеу,сопровождение; поддержка,Ақпараттық сүйемелдеу қажет.,Необходимо информационное сопровождение.,official,learning,3,work_documents,поддержка
101,phrase,жауапкершілік жүктеу,возложить ответственность,Жауапкершілікті жауапты бөлімге жүктеу керек.,Нужно возложить ответственность на ответственный отдел.,office,learning,3,personal_dictionary,управление
102,phrase,белгіленген мерзім,установленный срок,Жоба белгіленген мерзімде аяқталуы тиіс.,Проект должен быть завершен в установленный срок.,office,learning,2,personal_dictionary,срок
103,phrase,жауапты тұлға,ответственное лицо,Жауапты тұлға белгіленуі тиіс.,Ответственное лицо должно быть назначено.,office,learning,2,personal_dictionary,управление
104,phrase,атқарылған жұмыс,выполненная работа,Атқарылған жұмыс туралы есеп беріңіз.,Предоставьте отчет о выполненной работе.,office,learning,2,personal_dictionary,отчет
105,phrase,қорытынды шығару,подвести итоги,Отырыстың қорытындысын шығару керек.,Нужно подвести итоги заседания.,office,learning,3,personal_dictionary,совещание
106,phrase,шешім қабылдау,принять решение,Бүгін нақты шешім қабылдау керек.,Сегодня нужно принять конкретное решение.,office,learning,2,personal_dictionary,решение
107,phrase,мерзімді нақтылау,уточнить срок,Жобаның мерзімін нақтылау керек.,Нужно уточнить срок проекта.,office,learning,2,personal_dictionary,срок
108,phrase,ұсыныстарды ескеру,учесть предложения,Команданың ұсыныстарын ескеру керек.,Нужно учесть предложения команды.,office,learning,2,personal_dictionary,команда
109,phrase,орындалуын қадағалау,контролировать выполнение,Тапсырманың орындалуын қадағалау керек.,Нужно контролировать выполнение поручения.,office,learning,3,personal_dictionary,контроль
110,phrase,жұмысын үйлестіру,координировать работу,Бөлімдердің жұмысын үйлестіру керек.,Нужно координировать работу отделов.,office,learning,3,personal_dictionary,управление
111,phrase,орындалуын қамтамасыз ету,обеспечить выполнение,Жоспардың орындалуын қамтамасыз ету керек.,Нужно обеспечить выполнение плана.,office,learning,3,personal_dictionary,управление
112,phrase,оң ықпал ету,положительно влиять,Бұл шешім жұмысқа оң ықпал етеді.,Это решение положительно влияет на работу.,office,learning,3,personal_dictionary,влияние
113,phrase,талдау жүргізу,провести анализ,Деректерге толық талдау жүргізу керек.,Нужно провести полный анализ данных.,office,learning,2,personal_dictionary,аналитика
114,phrase,құжатты келісу,согласовать документ,Құжатты басшылықпен келісу керек.,Нужно согласовать документ с руководством.,office,learning,2,personal_dictionary,документ
115,phrase,уақтылы хабарлау,своевременно сообщить,Нәтиже туралы уақтылы хабарлау керек.,Нужно своевременно сообщить о результате.,office,learning,2,personal_dictionary,коммуникация
116,phrase,бірлесіп талқылау,совместно обсудить,Ұсыныстарды бірлесіп талқылаймыз.,Совместно обсудим предложения.,office,learning,2,personal_dictionary,совещание
117,phrase,кезең-кезеңмен жүзеге асыру,реализовывать поэтапно,Жобаны кезең-кезеңмен жүзеге асырамыз.,Будем реализовывать проект поэтапно.,office,learning,3,personal_dictionary,проект
118,phrase,деректерге негізделген,основанный на данных,Біз деректерге негізделген тәсілді қолданамыз.,"Мы используем подход, основанный на данных.",it_ai,learning,3,personal_dictionary,данные
119,phrase,бағдарламалық жасақтама,программное обеспечение,Бағдарламалық жасақтаманы жаңарту керек.,Нужно обновить программное обеспечение.,it_ai,learning,2,personal_dictionary,ПО
120,phrase,оқу үдерісіне енгізу,внедрить в учебный процесс,Жүйені оқу үдерісіне енгізу керек.,Нужно внедрить систему в учебный процесс.,it_ai,learning,3,personal_dictionary,образование
121,phrase,үлкен көлемдегі деректер,данные большого объёма,Жүйе үлкен көлемдегі деректерді өңдейді.,Система обрабатывает данные большого объёма.,it_ai,learning,3,personal_dictionary,данные
122,phrase,ақпараттық қауіпсіздік,информационная безопасность,Ақпараттық қауіпсіздікті қамтамасыз ету қажет.,Необходимо обеспечить информационную безопасность.,it_ai,learning,2,personal_dictionary,безопасность
123,phrase,осы саладағы сарапшылардың назарына,вниманию экспертов в данной сфере,Осы саладағы сарапшылардың назарына маңызды ақпарат ұсынылады.,Вниманию экспертов в данной сфере представляется важная информация.,official,learning,4,work_documents,официальная речь
124,phrase,қажеттілікке байланысты,в связи с необходимостью,Қажеттілікке байланысты жоспарға өзгеріс енгізіледі.,В связи с необходимостью в план вносится изменение.,official,learning,3,work_documents,официальная речь
125,phrase,орындалу барысы,ход исполнения,Тапсырмалардың орындалу барысы қаралады.,Будет рассмотрен ход исполнения поручений.,official,learning,3,work_documents,протокол
126,phrase,кезекті отырыс,очередное заседание,Кезекті отырыс тамыз айында өтеді.,Очередное заседание состоится в августе.,official,learning,2,work_documents,совещание
127,phrase,ақпаратты жолдауыңызды сұраймын,прошу направить информацию,Ақпаратты белгіленген мерзімге дейін жолдауыңызды сұраймын.,Прошу направить информацию до установленного срока.,official,learning,4,work_documents,деловая переписка
128,phrase,мәселені пысықтау,проработать вопрос,"Мәселені пысықтап, ұсыныс беру керек.",Нужно проработать вопрос и внести предложение.,official,learning,3,work_documents,управление
129,phrase,жұмысты жандандыру,активизировать работу,Бұл бағыттағы жұмысты жандандыру қажет.,Необходимо активизировать работу в этом направлении.,official,learning,3,work_documents,управление
130,phrase,қолжетімділікті қамтамасыз ету,обеспечить доступ,Халықаралық базаға қолжетімділікті қамтамасыз ету керек.,Нужно обеспечить доступ к международной базе.,official,learning,3,work_documents,доступ
131,phrase,талаптарға сәйкестігін анықтау,определить соответствие требованиям,Құжаттардың талаптарға сәйкестігін анықтау керек.,Нужно определить соответствие документов требованиям.,official,learning,4,work_documents,требования
132,phrase,жұмыс кестесін икемді ету,сделать график работы гибким,ПОҚ-тың жұмыс кестесін икемді ету қажет.,Необходимо сделать график работы ППС гибким.,official,learning,3,work_documents,график
133,phrase,жоспарға түзету енгізу,внести корректировку в план,Даму жоспарына түзету енгізу керек.,Нужно внести корректировку в план развития.,official,learning,3,work_documents,план
134,phrase,сайтты өзектендіру,актуализировать сайт,Сыртқы сайтты өзектендіру қажет.,Необходимо актуализировать внешний сайт.,official,learning,3,work_documents,обновление
135,phrase,ақпараттық сүйемелдеу,информационное сопровождение,Іс-шараға ақпараттық сүйемелдеу қажет.,Мероприятию необходимо информационное сопровождение.,official,learning,3,work_documents,поддержка
